Tract,INTPTLAT,INTPTLON
36005020000,+40.8428349,-073.8455162
36005020501,+40.8474409,-073.9236597
36005020502,+40.8513770,-073.9194800
36005020900,+40.8430704,-073.9150173
36005021001,+40.8408055,-073.8582794
36005021002,+40.8384785,-073.8565158
36005021700,+40.8481818,-073.9133082
36005022101,+40.8382778,-073.9181232
36005022102,+40.8376586,-073.9160957
36005022200,+40.8356878,-073.8552050
36005023800,+40.8437081,-073.8610936
36005016000,+40.8318544,-073.8006782
36005016200,+40.8288502,-073.8217592
36005016500,+40.8431089,-073.9002773
36005017500,+40.8308225,-073.9136512
36005021501,+40.8494660,-073.9182452
36005021502,+40.8480444,-073.9167104
36005023000,+40.8492873,-073.8660154
36005025300,+40.8610069,-073.9045549
36005026100,+40.8666390,-073.9059021
36005027900,+40.8825633,-073.8972804
36005030000,+40.8521940,-073.8312298
36005031900,+40.9138727,-073.9111066
36005034000,+40.8684405,-073.8629232
36005034400,+40.8683644,-073.8571317
36005035000,+40.8685221,-073.8482552
36005036100,+40.8422604,-073.8795761
36005036501,+40.8454083,-073.8857769
36005022403,+40.8564763,-073.8654305
36005023703,+40.8600426,-073.8995706
36005024501,+40.8528793,-073.9154618
36005024502,+40.8551094,-073.9135653
36005022404,+40.8527445,-073.8663009
36005023704,+40.8562675,-073.9019054
36005026701,+40.8693519,-073.9012276
36005026702,+40.8722664,-073.9001190
36005027401,+40.8404445,-073.8226303
36005027402,+40.8429776,-073.8125504
36005044901,+40.8974999,-073.8733943
36005046201,+40.8756347,-073.8269340
36005046202,+40.8794276,-073.8341062
36005022500,+40.8401399,-073.9109720
36005022800,+40.8534896,-073.8635363
36005023200,+40.8469746,-073.8633164
36005004600,+40.8224189,-073.8691776
36005006000,+40.8377073,-073.8779705
36005007000,+40.8298152,-073.8656233
36005007300,+40.8146752,-073.9093890
36005007400,+40.8194734,-073.8528608
36005007500,+40.8187768,-073.9086238
36005007700,+40.8197339,-073.9044231
36005008900,+40.8185668,-073.8939061
36005009800,+40.8254505,-073.8495052
36005012500,+40.8286360,-073.8935227
36005014900,+40.8326100,-073.9014822
36005019700,+40.8352051,-073.9199778
36005022000,+40.8434766,-073.8723175
36005022702,+40.8445224,-073.9132321
36005023100,+40.8462192,-073.9024562
36005023501,+40.8521471,-073.9045719
36005001600,+40.8188478,-073.8580764
36005002400,+40.8157352,-073.8710826
36005003100,+40.8098988,-073.9056901
36005003800,+40.8202946,-073.8633435
36005004100,+40.8113856,-073.9194099
36005011900,+40.8232738,-073.8895720
36005011502,+40.8200657,-073.8865202
36005014100,+40.8237653,-073.9122950
36005015100,+40.8310843,-073.8984813
36005015300,+40.8334809,-073.8941430
36005015500,+40.8355262,-073.8899864
36005023600,+40.8450907,-073.8672583
36005024300,+40.8524282,-073.9115345
36005042902,+40.8771176,-073.8739090
36005033000,+40.8616561,-073.8660255
36005035800,+40.8739819,-073.8425963
36005037100,+40.8472204,-073.8873781
36005038500,+40.8561826,-073.8925056
36005042100,+40.8814613,-073.8827340
36005045101,+40.8974545,-073.8643137
36005011800,+40.8097065,-073.8001663
36005020400,+40.8408659,-073.8508567
36005024800,+40.8553409,-073.8584097
36005040800,+40.8897429,-073.8617074
36005048400,+40.8863051,-073.8345873
36005024700,+40.8551123,-073.9187947
36005026602,+40.8459730,-073.8306203
36005036400,+40.8736167,-073.8492139
36005044902,+40.8988257,-073.8689887
36005022300,+40.8405251,-073.9150885
36005025400,+40.8484985,-073.8524773
36005029600,+40.8553721,-073.8450221
36005037600,+40.8745386,-073.8692050
36005002701,+40.8050606,-073.9163335
36005006500,+40.8173983,-073.9216592
36005000100,+40.7929362,-073.8812065
36005006700,+40.8195023,-073.9181767
36005040702,+40.8691444,-073.8869972
36005015700,+40.8329991,-073.8854500
36005038000,+40.8780880,-073.8624172
36005002500,+40.8070025,-073.9208749
36005006100,+40.8222516,-073.9226669
36005022701,+40.8468498,-073.9110148
36005009200,+40.8323395,-073.8521545
36005012701,+40.8256346,-073.8923283
36005013500,+40.8271333,-073.9020964
36005013800,+40.8217344,-073.7909998
36005016100,+40.8368465,-073.8850152
36005017100,+40.8404231,-073.9075041
36005019500,+40.8304774,-073.9225235
36005022902,+40.8437952,-073.9071529
36005023302,+40.8481852,-073.9047291
36005024400,+40.8462265,-073.8575198
36005026900,+40.8659029,-073.9094996
36005027300,+40.8738945,-073.9032292
36005029500,+40.8849350,-073.9085679
36005029700,+40.8849310,-073.9118383
36005031000,+40.8612380,-073.8360660
36005031600,+40.8619716,-073.8487247
36005031800,+40.8619545,-073.8515677
36005032300,+40.9053418,-073.9075805
36005032400,+40.8613415,-073.8597052
36005033400,+40.8600460,-073.8742257
36005036300,+40.8445438,-073.8827576
36005036902,+40.8425596,-073.8929199
36005037300,+40.8486733,-073.8901415
36005037800,+40.8797827,-073.8666133
36005037900,+40.8515742,-073.8987777
36005038700,+40.8580753,-073.8892309
36005039600,+40.8844238,-073.8589556
36005040100,+40.8646118,-073.8976516
36005040600,+40.8879511,-073.8570053
36005016700,+40.8404808,-073.9021708
36005022401,+40.8550184,-073.8685096
36005002800,+40.8225183,-073.8782336
36005007900,+40.8157920,-073.9048714
36005015800,+40.8248672,-073.8186182
36005001900,+40.8009990,-073.9093729
36005004200,+40.8239305,-073.8620068
36005005100,+40.8132061,-073.9275676
36005005001,+40.8249970,-073.8778533
36005005002,+40.8273629,-073.8784350
36005005300,+40.8516737,-073.9223642
36005006300,+40.8242061,-073.9287302
36005007600,+40.8333750,-073.8676557
36005009000,+40.8089385,-073.8407005
36005009300,+40.8056822,-073.8856083
36005009600,+40.8347812,-073.8437163
36005011700,+40.8072371,-073.8749566
36005014701,+40.8342262,-073.9053292
36005042300,+40.8770682,-073.8773210
36005042500,+40.8710473,-073.8790905
36005042901,+40.8749499,-073.8742925
36005044200,+40.9038714,-073.8461971
36005050400,+40.8695935,-073.7958478
36005030100,+40.8832399,-073.9179338
36005027600,+40.8524507,-073.8209567
36005021800,+40.8374070,-073.8697403
36005033800,+40.8684380,-073.8658167
36005036502,+40.8423877,-073.8878255
36005004400,+40.8265155,-073.8664136
36005004800,+40.8270172,-073.8743044
36005005902,+40.8241299,-073.9234195
36005008300,+40.8136778,-073.9018400
36005008400,+40.8156088,-073.8477354
36005014702,+40.8365350,-073.9043914
36005015200,+40.8263809,-073.8249096
36005015900,+40.8223738,-073.8935545
36005017701,+40.8331958,-073.9111774
36005017702,+40.8361776,-073.9095498
36005017901,+40.8348350,-073.9151867
36005017902,+40.8370142,-073.9134989
36005018101,+40.8316074,-073.9161112
36005018102,+40.8322650,-073.9181384
36005018301,+40.8286371,-073.9208133
36005018302,+40.8279119,-073.9187521
36005018500,+40.8267039,-073.9074700
36005030200,+40.8634527,-073.8224361
36005034200,+40.8684165,-073.8600256
36005037000,+40.8730921,-073.8590214
36005037200,+40.8738025,-073.8632803
36005039902,+40.8604238,-073.8947649
36005042600,+40.8908411,-073.8419292
36005045800,+40.8858611,-073.8452028
36005046000,+40.8824438,-073.8426481
36005023900,+40.8589133,-073.9028682
36005024100,+40.8531471,-073.9061863
36005026601,+40.8474521,-073.8341053
36005028400,+40.8494364,-073.8386905
36005028700,+40.8827147,-073.9046564
36005028800,+40.8542921,-073.8514721
36005045102,+40.9003682,-073.8641477
36005034500,+40.9040602,-073.8986900
36005035600,+40.8668995,-073.8360435
36005035900,+40.8402093,-073.8833847
36005036800,+40.8753072,-073.8559420
36005038600,+40.8796354,-073.8484001
36005000400,+40.8087867,-073.8514252
36005004001,+40.8282719,-073.8583355
36005004300,+40.8136213,-073.9170376
36005005200,+40.8256291,-073.8824329
36005006400,+40.8330289,-073.8722067
36005007800,+40.8291304,-073.8526457
36005008500,+40.8162762,-073.8990831
36005013100,+40.8259541,-073.8978983
36005016400,+40.8322025,-073.8248470
36005018400,+40.8374159,-073.8292813
36005019300,+40.8363471,-073.9293230
36005021302,+40.8430165,-073.9203419
36005021602,+40.8371927,-073.8622719
36005021900,+40.8396448,-073.9196221
36005000200,+40.8035344,-073.8606612
36005003500,+40.8109651,-073.9086696
36005023301,+40.8495612,-073.9087543
36005016300,+40.8385645,-073.8949709
36005016900,+40.8377899,-073.9027247
36005017300,+40.8262960,-073.9165227
36005024600,+40.8516098,-073.8611557
36005024900,+40.8574375,-073.9131413
36005025000,+40.8517064,-073.8557006
36005025200,+40.8471320,-073.8549662
36005025700,+40.8603147,-073.9140946
36005027700,+40.8784065,-073.9014634
36005028500,+40.8864295,-073.9025669
36005028600,+40.8491849,-073.8477752
36005028900,+40.8795600,-073.9073271
36005031200,+40.8620616,-073.8424492
36005018900,+40.8317231,-073.9302072
36005040304,+40.8676699,-073.8951873
36005040501,+40.8671293,-073.8909324
36005040502,+40.8658780,-073.8889613
36005043400,+40.8982106,-073.8523391
36005044400,+40.8995005,-073.8437344
36005045600,+40.8875466,-073.8207511
36005035100,+40.8950697,-073.8999975
36005036700,+40.8407640,-073.8893107
36005038100,+40.8520113,-073.9011562
36005038800,+40.8795982,-073.8553665
36005039700,+40.8618648,-073.8853878
36005039901,+40.8635111,-073.8936406
36005040900,+40.8768570,-073.8944200
36005042000,+40.8930261,-073.8598556
36005042400,+40.8892825,-073.8495388
36005043500,+40.8952301,-073.8812755
36005042800,+40.8945094,-073.8457030
36005041100,+40.8755828,-073.8871372
36005041300,+40.8740946,-073.8851972
36005041900,+40.8768559,-073.8816837
36005019900,+40.8367437,-073.9254470
36005020200,+40.8384912,-073.8475792
36005020601,+40.8366476,-073.8505404
36005021100,+40.8404336,-073.9235034
36005021200,+40.8361273,-073.8589637
36005021601,+40.8375386,-073.8648221
36005025600,+40.8443911,-073.8502190
36005022703,+40.8440365,-073.9105204
36005023702,+40.8606441,-073.8973195
36005024000,+40.8416234,-073.8688760
36005026300,+40.8647665,-073.9044669
36005026500,+40.8662234,-073.9002412
36005028100,+40.8837896,-073.8906453
36005028300,+40.8806361,-073.9025714
36005031400,+40.8615367,-073.8455326
36005032800,+40.8617366,-073.8631301
36005037400,+40.8745379,-073.8666711
36005038200,+40.8773120,-073.8547394
36005002300,+40.8090823,-073.9258441
36005003900,+40.8097217,-073.9214264
36005005400,+40.8298985,-073.8797154
36005006200,+40.8332756,-073.8755275
36005006800,+40.8289669,-073.8704820
36005007100,+40.8182214,-073.9128301
36005008600,+40.8198788,-073.8498059
36005008700,+40.8196720,-073.8972847
36005011000,+40.8134201,-073.8320557
36005023502,+40.8512926,-073.9034696
36005025100,+40.8565412,-073.9077336
36005025500,+40.8605351,-073.9089405
36005026400,+40.8417813,-073.8320889
36005033600,+40.8684895,-073.8688853
36005034300,+40.9096703,-073.8981740
36005002000,+40.8175801,-073.8660962
36005003700,+40.8114570,-073.9121722
36005006900,+40.8218666,-073.9157567
36005012901,+40.8226294,-073.8987340
36005013000,+40.8193055,-073.8147485
36005036901,+40.8443568,-073.8918829
36005005600,+40.8326118,-073.8790757
36005002702,+40.8064490,-073.9137729
36005003300,+40.8082418,-073.9119436
36005007200,+40.8310478,-073.8606925
36005012101,+40.8282758,-073.8888941
36005012102,+40.8260035,-073.8879696
36005012300,+40.8301150,-073.8860075
36005013300,+40.8228226,-073.9034850
36005014300,+40.8277474,-073.9121298
36005014400,+40.8212570,-073.8233396
36005014500,+40.8315110,-073.9070315
36005016600,+40.8295292,-073.8301840
36005019400,+40.8330686,-073.8363043
36005021301,+40.8454981,-073.9199477
36005022901,+40.8460928,-073.9072191
36005013200,+40.8092732,-073.8185512
36005020100,+40.8421663,-073.9269523
36005039000,+40.8812352,-073.8607600
36005039300,+40.8524975,-073.8831437
36005040302,+40.8678463,-073.8921974
36005040400,+40.8861691,-073.8513487
36005040701,+40.8715793,-073.8902605
36005041500,+40.8701051,-073.8835491
36005043600,+40.8972795,-073.8497590
36005044800,+40.8954712,-073.8413102
36005051600,+40.8465376,-073.7784539
36005039200,+40.8832885,-073.8647381
36005038900,+40.8564000,-073.8849976
36005039100,+40.8531197,-073.8871234
36005039400,+40.8864792,-073.8633993
36005039800,+40.8826970,-073.8534698
36005041400,+40.9035524,-073.8540950
36005041800,+40.8971155,-073.8584637
36005042200,+40.8910971,-073.8552753
36005043000,+40.8934599,-073.8506574
36005043100,+40.8795983,-073.8716160
36005029301,+40.8845021,-073.9272361
36005029302,+40.8792795,-073.9158619
36005030900,+40.9010058,-073.9203668
36005032600,+40.8621878,-073.8554777
36005033201,+40.8594756,-073.8692323
36005030701,+40.8931511,-073.9105743
36005033202,+40.8633818,-073.8689413
36005033500,+40.8906400,-073.9070543
36005033700,+40.9063107,-073.9025182
36005034800,+40.8694471,-073.8530706
36005036000,+40.8668405,-073.8431182
36005037504,+40.8503062,-073.8926690
36005038301,+40.8572074,-073.8985210
36005038302,+40.8574543,-073.8950057
36005039500,+40.8481986,-073.8966814
36005040303,+40.8696839,-073.8934711
36047022800,+40.6391243,-073.9815297
36047113400,+40.6677793,-073.8996082
36047115600,+40.6683267,-073.8958947
36047117800,+40.6816514,-073.8742881
36047087800,+40.6588465,-073.9310338
36047088200,+40.6604945,-073.9259818
36047089000,+40.6569877,-073.9154892
36047089400,+40.6615039,-073.9164852
36047093000,+40.6499290,-073.9154075
36047096200,+40.6450267,-073.9105174
36047098400,+40.6465779,-073.8917896
36047041401,+40.6017065,-073.9710654
36047041500,+40.6919502,-073.9143896
36047041800,+40.6054000,-073.9648516
36047043100,+40.6996605,-073.9196980
36047043800,+40.6103302,-073.9710944
36047032800,+40.5763672,-073.9976846
36047035100,+40.6684292,-073.9325473
36047073200,+40.6279281,-073.9336063
36047074000,+40.6273942,-073.9412567
36047074800,+40.6218931,-073.9468957
36047075400,+40.6214738,-073.9507115
36047076200,+40.6257185,-073.9564859
36047081800,+40.6530923,-073.9479752
36047082200,+40.6532888,-073.9544282
36047083000,+40.6408870,-073.9455028
36047083400,+40.6415499,-073.9384751
36047014900,+40.6624261,-073.9851815
36047015000,+40.6153783,-074.0107586
36047015300,+40.6681002,-073.9805759
36047016300,+40.6791843,-073.9700051
36047084600,+40.6422850,-073.9274549
36047090200,+40.6675531,-073.9150074
36047090600,+40.6701302,-073.9088595
36047016000,+40.6189797,-074.0268721
36047018000,+40.6083001,-074.0071512
36047020300,+40.6799568,-073.9648123
36047020500,+40.6774755,-073.9657037
36047021400,+40.6316104,-074.0031816
36047021700,+40.6727657,-073.9590256
36047024200,+40.6258678,-073.9928098
36047024400,+40.6217475,-073.9862364
36047026100,+40.6923989,-073.9457142
36047027700,+40.6868289,-073.9387604
36047000501,+40.6958143,-073.9947007
36047000502,+40.6951344,-073.9928614
36047001500,+40.6942482,-073.9829838
36047035601,+40.5808793,-073.9697026
36047035602,+40.5778298,-073.9702043
36047037401,+40.5879978,-073.9677550
36047037402,+40.5867880,-073.9720026
36047004400,+40.6330732,-074.0485191
36047005300,+40.6708307,-074.0291182
36047011900,+40.6754018,-073.9889703
36047015200,+40.6145072,-074.0244665
36047016600,+40.6187031,-074.0162624
36047021100,+40.6971660,-073.9750259
36047012600,+40.6348190,-074.0190415
36047027100,+40.6787956,-073.9369686
36047030500,+40.6773164,-073.9590603
36047028200,+40.6002500,-074.0054401
36047028800,+40.6045113,-073.9965623
36047029000,+40.6031741,-073.9943478
36047026500,+40.6869045,-073.9446206
36047040600,+40.6005116,-073.9823218
36047047600,+40.6305694,-073.9805808
36047054200,+40.6128027,-073.9609790
36047021900,+40.6719739,-073.9552592
36047025300,+40.6926218,-073.9503365
36047024900,+40.6829833,-073.9483904
36047025600,+40.6149950,-073.9856662
36047027800,+40.6068585,-074.0012211
36047028501,+40.6994266,-073.9420913
36047028900,+40.6930515,-073.9330041
36047029100,+40.6904272,-073.9335410
36047016900,+40.6592927,-073.9812838
36047036400,+40.5801614,-073.9638638
36047037300,+40.6839488,-073.9152154
36047008000,+40.6485749,-074.0100166
36047008800,+40.6502102,-074.0014031
36047009200,+40.6453168,-073.9993384
36047009800,+40.6437764,-074.0081153
36047010100,+40.6583907,-073.9998245
36047012801,+40.6308009,-074.0133027
36047013100,+40.6777175,-073.9796019
36047013500,+40.6728110,-073.9833133
36047014000,+40.6207782,-074.0196779
36047014100,+40.6654413,-073.9893778
36047017700,+40.6591256,-073.9697734
36047018100,+40.6877689,-073.9723701
36047018600,+40.6156439,-074.0051063
36047019300,+40.6912794,-073.9626407
36047035400,+40.5801329,-073.9726148
36047087401,+40.6604744,-073.9384588
36047088400,+40.6622281,-073.9245506
36047030300,+40.6751161,-073.9179373
36047031500,+40.6769132,-073.9499243
36047062600,+40.5923335,-073.9344391
36047034100,+40.6735662,-073.9445868
36047035300,+40.6685796,-073.9353139
36047064600,+40.6159147,-073.9395351
36047065400,+40.6129487,-073.9318078
36047118201,+40.6879085,-073.8718976
36047095600,+40.6355741,-073.9109186
36047096000,+40.6459270,-073.9147665
36047098600,+40.6449365,-073.8943196
36047102600,+40.6296068,-073.8984805
36047103400,+40.6332674,-073.8805974
36047107000,+40.6468884,-073.8639793
36047114201,+40.6790020,-073.9010285
36047080400,+40.6589744,-073.9489902
36047082600,+40.6450647,-073.9489732
36047085600,+40.6486244,-073.9448276
36047087000,+40.6541803,-073.9334039
36047004100,+40.6865996,-073.9850538
36047005201,+40.6214378,-074.0473154
36047089600,+40.6580074,-073.9124095
36047090800,+40.6713226,-073.9047719
36047093400,+40.6489251,-073.9190149
36047095400,+40.6389669,-073.9146325
36047096800,+40.6441418,-073.9038769
36047097000,+40.6472600,-073.9073530
36047099400,+40.6357597,-073.9043993
36047100400,+40.6306493,-073.9038000
36047118000,+40.6894826,-073.8777419
36047121000,+40.6700908,-073.8722448
36047019700,+40.6880022,-073.9667469
36047020100,+40.6838477,-073.9633875
36047021500,+40.6733751,-073.9632899
36047027200,+40.6081765,-073.9927384
36047035500,+40.6644050,-073.9334722
36047036502,+40.6747260,-073.9075430
36047039300,+40.6956280,-073.9300045
36047010800,+40.6411160,-074.0037106
36047012100,+40.6714790,-073.9910490
36047012902,+40.6808348,-073.9760333
36047013700,+40.6703973,-073.9853274
36047014300,+40.6636266,-073.9926558
36047001800,+40.6560973,-074.0308891
36047002300,+40.6995617,-073.9832799
36047002901,+40.6949933,-073.9780959
36047003400,+40.6445449,-074.0466996
36047003800,+40.6365238,-074.0474421
36047004500,+40.6881460,-073.9952870
36047005202,+40.6182440,-074.0463778
36047006300,+40.6819491,-074.0013351
36047006800,+40.6351749,-074.0262304
36047007100,+40.6830210,-073.9861157
36047007700,+40.6770200,-073.9952238
36047049200,+40.6408996,-073.9702106
36047050202,+40.6535104,-073.9752845
36047047400,+40.6286836,-073.9823658
36047047700,+40.7182181,-073.9421366
36047048200,+40.6332088,-073.9695313
36047048900,+40.7029206,-073.9392589
36047049000,+40.6381109,-073.9730323
36047049700,+40.7162166,-073.9445940
36047050100,+40.7157350,-073.9489203
36047088600,+40.6574880,-073.9206765
36047088800,+40.6539409,-073.9180852
36047091200,+40.6651290,-073.9076346
36047095000,+40.6362488,-073.9171451
36047056000,+40.6040855,-073.9514358
36047055100,+40.7139593,-073.9644095
36047055400,+40.6078701,-073.9600716
36047056200,+40.6045181,-073.9475034
36047057400,+40.6011498,-073.9443385
36047005400,+40.6167865,-074.0394733
36047059200,+40.5923379,-073.9514508
36047063600,+40.6099355,-073.9361433
36047064800,+40.6176898,-073.9364602
36047065200,+40.6147620,-073.9300726
36047066200,+40.6093052,-073.9243720
36047067600,+40.6249950,-073.9272011
36047069800,+40.6112503,-073.9170851
36047072000,+40.6288503,-073.9200467
36047073600,+40.6240357,-073.9357989
36047074200,+40.6269944,-073.9449753
36047074600,+40.6186094,-073.9426350
36047076600,+40.6331871,-073.9568420
36047077000,+40.6361362,-073.9538295
36047078000,+40.6344979,-073.9391486
36047078400,+40.6342624,-073.9429558
36047114202,+40.6823605,-073.8912824
36047117601,+40.6847798,-073.8768792
36047050500,+40.7080520,-073.9449451
36047046800,+40.6214965,-073.9806533
36047048400,+40.6342861,-073.9736271
36047015100,+40.6656890,-073.9825855
36047015400,+40.6111789,-074.0189191
36047015700,+40.6730524,-073.9764165
36047016500,+40.6699761,-073.9740401
36047017800,+40.6069686,-074.0047234
36047017900,+40.6842401,-073.9713282
36047019100,+40.6952427,-073.9644277
36047051400,+40.6427917,-073.9614284
36047078800,+40.6374655,-073.9488366
36047029200,+40.5972459,-074.0007128
36047029600,+40.6009574,-073.9930188
36047030400,+40.5902839,-073.9965003
36047030600,+40.5911556,-073.9861335
36047031900,+40.6668852,-073.9493978
36047032600,+40.5765295,-073.9882115
36047033700,+40.6694016,-073.9421813
36047034200,+40.5741077,-073.9968627
36047034900,+40.6682771,-073.9297782
36047041900,+40.6953233,-073.9210331
36047042900,+40.7017991,-073.9234556
36047043300,+40.6975220,-073.9159390
36047049300,+40.7078076,-073.9413538
36047049400,+40.6429660,-073.9738254
36047049800,+40.6454295,-073.9826813
36047050700,+40.7014096,-073.9470079
36047050900,+40.7032772,-073.9505646
36047030200,+40.5957121,-073.9906470
36047030800,+40.5865515,-073.9795108
36047020000,+40.6206890,-074.0088197
36047017600,+40.6019273,-074.0088041
36047018501,+40.6947866,-073.9741567
36047020200,+40.6220200,-074.0110215
36047020800,+40.6259761,-074.0097675
36047021800,+40.6343541,-073.9978229
36047022900,+40.6851317,-073.9567616
36047023300,+40.6887957,-073.9574901
36047024500,+40.6828810,-073.9519012
36047025100,+40.6878546,-073.9493878
36047025500,+40.6973919,-073.9512862
36047026400,+40.6148679,-073.9974816
36047026900,+40.6812827,-073.9433173
36047028100,+40.6926888,-073.9399286
36047028400,+40.6056742,-073.9989428
36047034800,+40.5812120,-073.9833628
36047044900,+40.7171351,-073.9303436
36047046000,+40.6321630,-073.9657330
36047048500,+40.7078399,-073.9363493
36047050801,+40.6512352,-073.9607363
36047050803,+40.6539088,-073.9606234
36047050804,+40.6528350,-073.9635730
36047051001,+40.6461218,-073.9597677
36047051002,+40.6487514,-073.9603672
36047051601,+40.6386227,-073.9567106
36047051602,+40.6416130,-073.9581408
36047056100,+40.7262636,-073.9568789
36047061003,+40.5814312,-073.9586937
36047061004,+40.5798742,-073.9557652
36047062000,+40.5788518,-073.9460579
36047069601,+40.6271699,-073.9153676
36047069602,+40.6227610,-073.9092489
36047076800,+40.6188042,-073.9608017
36047079601,+40.6565964,-073.9582723
36047079602,+40.6527603,-073.9576551
36047079801,+40.6600109,-073.9587186
36047079802,+40.6579907,-073.9613711
36047080800,+40.6573033,-073.9394864
36047092400,+40.6669331,-073.9114794
36047093200,+40.6375676,-073.9295091
36047094600,+40.6446169,-073.9232797
36047105801,+40.6492205,-073.8805957
36047105804,+40.6458585,-073.8831084
36047110400,+40.6574021,-073.8887862
36047111600,+40.6638632,-073.8756883
36047049500,+40.7123628,-073.9433572
36047053700,+40.7002979,-073.9599545
36047054300,+40.7014969,-073.9716023
36047055800,+40.6036536,-073.9553779
36047056500,+40.7302190,-073.9577630
36047056800,+40.6026717,-073.9378185
36047061002,+40.5720111,-073.9557682
36047062800,+40.5895880,-073.9273296
36047064200,+40.6121974,-073.9463939
36047068000,+40.6213764,-073.9251879
36047072400,+40.6341061,-073.9270557
36047072800,+40.6294856,-073.9270042
36047075000,+40.6265678,-073.9487660
36047076000,+40.6213569,-073.9547885
36047081600,+40.6535296,-073.9442053
36047082800,+40.6409911,-073.9496047
36047083200,+40.6415240,-073.9416243
36047085000,+40.6457434,-073.9323160
36047005601,+40.6131603,-074.0436073
36047005602,+40.6100021,-074.0412079
36047005800,+40.6190887,-074.0321884
36047005900,+40.6794028,-074.0061193
36047006400,+40.6289253,-074.0288094
36047009400,+40.6433565,-074.0013789
36047010400,+40.6366240,-074.0083814
36047013000,+40.6325873,-074.0213843
36047013200,+40.6279744,-074.0156708
36047020600,+40.6248807,-074.0154509
36047021000,+40.6276261,-074.0081561
36047022200,+40.6382394,-073.9929635
36047022700,+40.6815084,-073.9572531
36047023000,+40.6378160,-073.9842810
36047024800,+40.6213629,-073.9899931
36047025200,+40.6198289,-073.9921391
36047025700,+40.6982179,-073.9473443
36047026200,+40.6187285,-073.9970786
36047026700,+40.6839731,-073.9440382
36047018400,+40.6137054,-074.0071447
36047018700,+40.6946579,-073.9706403
36047019000,+40.6210380,-074.0003857
36047019500,+40.6914102,-073.9674997
36047019900,+40.6840329,-073.9669265
36047000900,+40.6917206,-073.9916018
36047002200,+40.6434585,-074.0216933
36047003700,+40.6893925,-073.9847008
36047004600,+40.6285788,-074.0495131
36047004700,+40.6883662,-074.0018662
36047006600,+40.6321309,-074.0274985
36047007400,+40.6418552,-074.0170288
36047007800,+40.6463204,-074.0123370
36047011200,+40.6422528,-073.9956749
36047012000,+40.6327817,-074.0117295
36047002100,+40.7034471,-073.9871024
36047003000,+40.6388788,-074.0289766
36047003300,+40.6885112,-073.9781063
36047050300,+40.7122018,-073.9474623
36047051900,+40.7157159,-073.9551571
36047053000,+40.6273634,-073.9637344
36047055500,+40.7180846,-073.9632608
36047055700,+40.7219984,-073.9593366
36047056900,+40.7237664,-073.9523673
36047057200,+40.5963688,-073.9382159
36047057300,+40.7280487,-073.9488300
36047057500,+40.7321052,-073.9532306
36047036200,+40.5781170,-073.9640009
36047036600,+40.5828706,-073.9637676
36047112000,+40.6666275,-073.8805197
36047113000,+40.6621721,-073.8964707
36047113200,+40.6612884,-073.8988885
36047117202,+40.6827365,-073.8837650
36047118400,+40.6843041,-073.8694100
36047118600,+40.6814659,-073.8677811
36047118800,+40.6790412,-073.8659139
36047119400,+40.6725527,-073.8770602
36047120800,+40.6713394,-073.8651840
36047121400,+40.6674943,-073.8651792
36047017200,+40.6088823,-074.0103463
36047017500,+40.6521348,-073.9902393
36047018200,+40.6124597,-074.0026813
36047018800,+40.6174779,-074.0027400
36047021600,+40.6327947,-073.9997692
36047022600,+40.6419840,-073.9863474
36047023200,+40.6360998,-073.9862206
36047023800,+40.6305112,-073.9914376
36047054800,+40.6092526,-073.9483771
36047037500,+40.6876200,-073.9215167
36047116200,+40.6699382,-073.8850349
36047116600,+40.6745627,-073.8822052
36047040100,+40.6864591,-073.9127408
36047033100,+40.6641582,-073.9420074
36047058200,+40.5985399,-073.9592618
36047059800,+40.5878962,-073.9362265
36047060800,+40.5839493,-073.9490961
36047063200,+40.5997604,-073.9315683
36047064400,+40.6137965,-073.9424791
36047065800,+40.6080828,-073.9312005
36047066000,+40.6090466,-073.9280800
36047067000,+40.6127246,-073.9227642
36047069000,+40.6199654,-073.9206701
36047069200,+40.6236755,-073.9200888
36047035900,+40.6704331,-073.9238643
36047036001,+40.5757896,-073.9655591
36047036100,+40.6695662,-073.9199592
36047036300,+40.6721757,-073.9169923
36047051200,+40.6465522,-073.9633627
36047051300,+40.7117914,-073.9521631
36047052300,+40.7116633,-073.9588070
36047053100,+40.7007289,-073.9541697
36047053400,+40.6225826,-073.9628302
36047053900,+40.7026477,-073.9625584
36047054500,+40.7052376,-073.9652859
36047056600,+40.6028525,-073.9414035
36047057600,+40.5998731,-073.9475710
36047058000,+40.5990067,-073.9554539
36047029300,+40.6874968,-073.9329582
36047114400,+40.6728096,-073.8985527
36047119800,+40.6763145,-073.8943861
36047123700,+40.6967384,-073.9567404
36047150200,+40.6546407,-073.9812779
36047990100,+40.5649788,-074.0148235
36047152200,+40.6439736,-073.9671841
36047093600,+40.6487962,-073.9215837
36047095800,+40.6408221,-073.9116859
36047097400,+40.6469841,-073.8997658
36047099000,+40.6393703,-073.8985620
36047109800,+40.6526617,-073.9016506
36047115000,+40.6739223,-073.8865225
36047120000,+40.6748774,-073.8672723
36047016100,+40.6798885,-073.9731895
36047016400,+40.6067615,-074.0301151
36047016800,+40.6029654,-074.0172662
36047039400,+40.5984930,-073.9650691
36047031701,+40.6738669,-073.9501241
36047028502,+40.6974508,-073.9408850
36047029800,+40.6008233,-073.9879075
36047030000,+40.5974031,-073.9887444
36047032300,+40.6665474,-073.9550744
36047032500,+40.6672983,-073.9577655
36047032900,+40.6632636,-073.9484196
36047033900,+40.6712119,-073.9420151
36047034500,+40.6732278,-073.9336926
36047034700,+40.6726583,-073.9279722
36047009000,+40.6472568,-073.9972994
36047059402,+40.5946146,-073.9430181
36047059600,+40.5910968,-073.9400566
36047062200,+40.5849933,-073.9355825
36047063800,+40.6080740,-073.9403000
36047035000,+40.5775623,-073.9789488
36047066600,+40.5849540,-073.9185332
36047089200,+40.6632821,-073.9219229
36047092800,+40.6524793,-073.9117726
36047101600,+40.6433030,-073.8881409
36047101800,+40.6438530,-073.8866450
36047102000,+40.6383785,-073.8870181
36047107800,+40.6588417,-073.8759589
36047110600,+40.6573142,-073.8842981
36047038200,+40.5915250,-073.9814805
36047038900,+40.6994385,-073.9372349
36047043400,+40.6100424,-073.9769277
36047043500,+40.6953840,-073.9121802
36047043700,+40.6932450,-073.9084239
36047043900,+40.6974716,-073.9093087
36047044100,+40.7014228,-073.9140520
36047044400,+40.6157674,-073.9693220
36047045400,+40.6186826,-073.9650025
36047046201,+40.6276229,-073.9735164
36047046400,+40.6246553,-073.9783990
36047050000,+40.6482633,-073.9774137
36047077200,+40.6316094,-073.9531770
36047072200,+40.6319998,-073.9243888
36047073400,+40.6278153,-073.9374778
36047074400,+40.6223292,-073.9431173
36047075600,+40.6168562,-073.9479894
36047078600,+40.6344139,-073.9470626
36047082400,+40.6488473,-073.9493580
36047083800,+40.6417561,-073.9351350
36047037700,+40.6840883,-073.9201876
36047039600,+40.5973496,-073.9697067
36047040800,+40.6012012,-073.9791341
36047019200,+40.6284585,-073.9989281
36047006200,+40.6249110,-074.0304459
36047006500,+40.6790828,-073.9994592
36047001100,+40.6932903,-073.9877087
36047003500,+40.6853252,-073.9761803
36047024300,+40.6874555,-073.9528560
36047025902,+40.6969655,-073.9451536
36047027000,+40.6058611,-073.9899850
36047027300,+40.6810841,-073.9374383
36047027400,+40.6109495,-073.9952920
36047027500,+40.6838975,-073.9381789
36047028700,+40.6956353,-073.9354275
36047102400,+40.6329284,-073.8932756
36047098800,+40.6430019,-073.8973153
36047099200,+40.6374035,-073.9012845
36047101000,+40.6360282,-073.8949720
36047112400,+40.6660037,-073.8871536
36047112800,+40.6617411,-073.8921088
36047023500,+40.6925130,-073.9577849
36047024000,+40.6288316,-073.9931862
36047024100,+40.6922221,-073.9538035
36047025000,+40.6236257,-073.9958382
36047025400,+40.6166972,-073.9838448
36047025800,+40.6132884,-073.9874098
36047025901,+40.6949673,-073.9462243
36047026000,+40.6169171,-073.9923457
36047053800,+40.6181982,-073.9568350
36047052500,+40.7088833,-073.9599784
36047008200,+40.6508180,-074.0076889
36047008500,+40.6758570,-074.0064716
36047008600,+40.6479769,-074.0037438
36047019400,+40.6258369,-074.0011077
36047020400,+40.6233502,-074.0132239
36047020700,+40.6749547,-073.9666124
36047029500,+40.6845660,-073.9323759
36047030700,+40.6755830,-073.9262196
36047030900,+40.6761508,-073.9330036
36047031702,+40.6711930,-073.9503749
36047032700,+40.6626465,-073.9587961
36047033600,+40.5759997,-074.0084907
36047034000,+40.5723223,-073.9964764
36047052600,+40.6364701,-073.9666777
36047053500,+40.7061438,-073.9612198
36047054900,+40.7111707,-073.9657360
36047055200,+40.6083096,-073.9562588
36047059100,+40.7235304,-073.9429338
36047011600,+40.6358731,-074.0036488
36047011700,+40.6685626,-073.9933107
36047012200,+40.6381660,-074.0175772
36047012901,+40.6816880,-073.9785883
36047013900,+40.6679862,-073.9873365
36047014500,+40.6613671,-073.9949634
36047014800,+40.6167077,-074.0129610
36047016200,+40.6132236,-074.0313837
36047065000,+40.6199785,-073.9336466
36047058800,+40.5896217,-073.9585479
36047059300,+40.7259963,-073.9383333
36047064000,+40.6109971,-073.9402463
36047068800,+40.6172158,-073.9191004
36047075200,+40.6261531,-073.9525462
36047076400,+40.6319262,-073.9586448
36047077400,+40.6316800,-073.9476070
36047078200,+40.6378537,-073.9414429
36047079000,+40.6409778,-073.9536967
36047079200,+40.6447642,-073.9549107
36047079400,+40.6486053,-073.9552860
36047083600,+40.6371028,-073.9351273
36047085800,+40.6501596,-073.9389962
36047086200,+40.6502164,-073.9282257
36047088000,+40.6615193,-073.9310226
36047089800,+40.6627861,-073.9137077
36047091800,+40.6616527,-073.9045855
36047092000,+40.6585644,-073.9029876
36047093800,+40.6504469,-073.9245581
36047098200,+40.6509988,-073.8943666
36047094401,+40.6387430,-073.9229682
36047096600,+40.6406399,-073.9031420
36047100800,+40.6341331,-073.8980664
36047116400,+40.6705099,-073.8811822
36047116800,+40.6789908,-073.8825160
36047118202,+40.6886646,-073.8690021
36047119000,+40.6790596,-073.8716311
36047119600,+40.6758956,-073.8731634
36047120200,+40.6763414,-073.8643639
36047039700,+40.6889488,-073.9191404
36047039800,+40.5954468,-073.9755124
36047040500,+40.6815890,-073.9051763
36047040700,+40.6842987,-073.9012071
36047041000,+40.6009797,-073.9754514
36047042600,+40.6056750,-073.9801891
36047041200,+40.6041574,-073.9741916
36047041300,+40.6898146,-073.9106200
36047041402,+40.6024233,-073.9679363
36047041700,+40.6937625,-073.9179179
36047042200,+40.6068705,-073.9699923
36047042700,+40.7036832,-073.9271913
36047043600,+40.6131300,-073.9778573
36047035200,+40.5701691,-073.9788364
36047036501,+40.6750312,-073.9115136
36047036700,+40.6775646,-073.9046130
36047037000,+40.5878492,-073.9631650
36047038700,+40.6905393,-073.9277496
36047039200,+40.5958499,-073.9630396
36047009600,+40.6460153,-074.0057847
36047010200,+40.6392844,-074.0127872
36047011000,+40.6445789,-073.9927738
36047013400,+40.6295241,-074.0202705
36047044800,+40.6181311,-073.9732444
36047045000,+40.6217191,-073.9728701
36047045800,+40.6257017,-073.9690061
36047044000,+40.6130385,-073.9709770
36047042100,+40.6970293,-073.9240384
36047042500,+40.7014485,-073.9309587
36047043200,+40.6106815,-073.9806847
36047044700,+40.7066908,-073.9226186
36047045600,+40.6261630,-073.9666205
36047092200,+40.6552406,-073.9063497
36047094402,+40.6350816,-073.9207802
36047096400,+40.6419501,-073.9072687
36047013600,+40.6268984,-074.0225939
36047034300,+40.6735031,-073.9388376
36047038800,+40.5929248,-073.9692516
36047039500,+40.6929683,-073.9247375
36047039900,+40.6902356,-073.9175530
36047040200,+40.5960009,-073.9827234
36047040900,+40.6910811,-073.9046130
36047041600,+40.6024112,-073.9634864
36047040000,+40.5978088,-073.9761352
36047042300,+40.6990021,-073.9272887
36047042400,+40.6067483,-073.9760484
36047044200,+40.6123965,-073.9655936
36047045200,+40.6201742,-073.9681621
36047046202,+40.6245852,-073.9742281
36047047800,+40.6333984,-073.9788744
36047048000,+40.6302931,-073.9744922
36047048100,+40.7138604,-073.9384989
36047050600,+40.6489784,-073.9668581
36047051700,+40.7206502,-073.9545002
36047051800,+40.6379909,-073.9607951
36047052000,+40.6374454,-073.9641875
36047053200,+40.6262195,-073.9602546
36047054600,+40.6131411,-073.9531239
36047014200,+40.6225046,-074.0224901
36047015900,+40.6751934,-073.9730667
36047016700,+40.6642969,-073.9787754
36047003100,+40.6916128,-073.9776860
36047004300,+40.6882029,-073.9895993
36047005100,+40.6834950,-074.0034808
36047006900,+40.6852347,-073.9917012
36047117000,+40.6776000,-073.8861810
36047117201,+40.6808117,-073.8875149
36047117400,+40.6828584,-073.8797862
36047117602,+40.6862350,-073.8744475
36047122000,+40.6637638,-073.8628672
36047031300,+40.6765714,-073.9443030
36047101400,+40.6416626,-073.8906734
36047111800,+40.6687567,-073.8760180
36047115800,+40.6688809,-073.8921624
36047040300,+40.6845226,-073.9082094
36047042800,+40.6056458,-073.9843266
36047047000,+40.6255890,-073.9867507
36047019800,+40.6193594,-074.0066177
36047029700,+40.6812727,-073.9316176
36047033500,+40.6675941,-073.9423885
36047039100,+40.6997950,-073.9336550
36047086800,+40.6543124,-073.9297309
36047091600,+40.6591038,-073.9091012
36047101200,+40.6397265,-073.8936677
36047007200,+40.6402978,-074.0204135
36047010000,+40.6415355,-074.0104457
36047013800,+40.6243111,-074.0255174
36047028300,+40.6952563,-073.9404379
36047036900,+40.6796500,-073.9092283
36047100600,+40.6322533,-073.9008897
36047051100,+40.7075596,-073.9485791
36047051500,+40.7191277,-073.9505297
36047052700,+40.7084001,-073.9536948
36047052900,+40.7058715,-073.9545059
36047054700,+40.7085259,-073.9665937
36047055600,+40.6031609,-073.9594057
36047056400,+40.6069158,-073.9433735
36047057000,+40.5992668,-073.9368826
36047057900,+40.7352896,-073.9487303
36047058400,+40.5940748,-073.9586719
36047058600,+40.5945640,-073.9546136
36047000200,+40.6532475,-074.0110678
36047000700,+40.6923505,-073.9973434
36047067800,+40.6261489,-073.9227790
36047070202,+40.5935154,-073.8914194
36047072600,+40.6324139,-073.9338762
36047073800,+40.6224095,-073.9390772
36047077600,+40.6309255,-073.9411361
36047080200,+40.6576399,-073.9534407
36047086400,+40.6543390,-073.9238466
36047086600,+40.6563750,-073.9267616
36047087600,+40.6606478,-073.9357059
36047001300,+40.6976150,-073.9883586
36047002000,+40.6480407,-074.0159276
36047003600,+40.6346861,-074.0308979
36047003900,+40.6849013,-073.9808240
36047007500,+40.6812953,-073.9920163
36047007600,+40.6440836,-074.0146698
36047008400,+40.6538976,-074.0044859
36047099800,+40.6295432,-073.9094498
36047102200,+40.6364413,-073.8900106
36047102800,+40.6272716,-073.8952137
36047111000,+40.6605666,-073.8813618
36047112200,+40.6637279,-073.8859223
36047112600,+40.6648986,-073.8931118
36047114600,+40.6792066,-073.8923418
36047115200,+40.6732693,-073.8909301
36047026600,+40.6126303,-073.9903254
36047026800,+40.6104494,-073.9903619
36047028000,+40.6011057,-074.0073298
36047029400,+40.5942315,-074.0005814
36047033300,+40.6658373,-073.9425263
36047036002,+40.5763621,-073.9612376
36047038300,+40.6845246,-073.9262056
36047038500,+40.6874554,-073.9267891
36047039000,+40.5929693,-073.9644266
36047041100,+40.6878787,-073.9071509
36047042000,+40.6092377,-073.9643323
36047082000,+40.6534530,-073.9513097
36047070203,+40.6131853,-073.8602013
36047070600,+40.6124441,-073.8940807
36047080000,+40.6606860,-073.9537667
36047084800,+40.6464270,-073.9278611
36047086000,+40.6499865,-073.9329328
36047087200,+40.6536754,-073.9366498
36047116000,+40.6694195,-073.8885305
36047119200,+40.6771101,-073.8781574
36047019600,+40.6234234,-074.0041850
36047023400,+40.6338712,-073.9879406
36047081000,+40.6591131,-073.9445488
36047081400,+40.6536407,-073.9402380
36047085200,+40.6469734,-073.9382546
36047000100,+40.7002150,-073.9938089
36047000301,+40.6963723,-073.9973735
36047004900,+40.6879989,-073.9984362
36047005000,+40.6245708,-074.0488811
36047006000,+40.6220831,-074.0316042
36047006700,+40.6841759,-073.9972232
36047011400,+40.6394233,-073.9992118
36047011800,+40.6351044,-074.0114899
36047012700,+40.6817476,-073.9828507
36047013300,+40.6751825,-073.9813092
36047015500,+40.6705136,-073.9785613
36047017100,+40.6569638,-073.9768619
36047017400,+40.6035123,-074.0121070
36047018300,+40.6913760,-073.9714779
36047022000,+40.6361633,-073.9955594
36047022100,+40.6761670,-073.9543560
36047022400,+40.6405156,-073.9903118
36047023100,+40.6857866,-073.9608381
36047023600,+40.6321905,-073.9896876
36047024700,+40.6794431,-073.9492697
36047007000,+40.6381971,-074.0242975
36047010600,+40.6388746,-074.0060400
36047035700,+40.6680437,-073.9268441
36047090000,+40.6662474,-073.9198124
36047099600,+40.6334438,-073.9077878
36047061200,+40.5808755,-073.9493716
36047044500,+40.7050360,-073.9196716
36047047200,+40.6270361,-073.9841274
36047054400,+40.6132196,-073.9571904
36047068200,+40.6166469,-073.9241304
36047080600,+40.6616591,-073.9438615
36047085400,+40.6443465,-073.9438760
36047091000,+40.6657515,-073.9034065
36047017000,+40.6101331,-074.0126340
36047057100,+40.7247837,-073.9476188
36047070000,+40.6200459,-073.9067408
36047075800,+40.6164751,-073.9519619
36047084000,+40.6419943,-073.9312920
36047014700,+40.6598558,-073.9896720
36047021300,+40.6683548,-073.9604674
36047024600,+40.6181698,-073.9811393
36047030100,+40.6776216,-073.9162280
36047033000,+40.5801785,-073.9994354
36047021200,+40.6294745,-074.0058501
36047038100,+40.6810478,-073.9254263
36047040400,+40.6021856,-073.9854194
36047027600,+40.6108964,-073.9994890
36047038600,+40.5923495,-073.9751085
36047043000,+40.6092493,-073.9842020
36047048600,+40.6389191,-073.9784252
36047052800,+40.6308472,-073.9626086
36047055000,+40.6087339,-073.9523174
36047058900,+40.7300381,-073.9405430
36047026300,+40.6894684,-073.9451314
36047027900,+40.6897594,-073.9393446
36047028600,+40.5987718,-074.0019271
36047037100,+40.6802873,-073.9138395
36047037900,+40.6804989,-073.9193657
36047057800,+40.5994398,-073.9515127
36047059000,+40.5899909,-073.9546870
36047061600,+40.5767201,-073.9428777
36047065600,+40.6130109,-073.9349822
36047067200,+40.6187470,-073.9278042
36047070201,+40.6089645,-073.9081434
36047073000,+40.6262007,-073.9298489
36047029900,+40.6781448,-073.9257979
36047031100,+40.6764778,-073.9389551
36047031400,+40.5844904,-073.9943955
36047044300,+40.7033043,-073.9166863
36047044600,+40.6152294,-073.9760576
36047045300,+40.7065844,-073.9289569
36047048800,+40.6404769,-073.9762086
36047049100,+40.7035729,-073.9440999
36047049600,+40.6436870,-073.9804383
36047049900,+40.7209087,-073.9468832
36047050400,+40.6487193,-073.9735201
36047053300,+40.7037668,-073.9573601
36047055300,+40.7164576,-073.9592358
36047056300,+40.7351198,-073.9592518
36047059401,+40.5930119,-073.9476257
36047060000,+40.5870743,-073.9456922
36047060600,+40.5864642,-073.9561214
36047067400,+40.6198305,-073.9302723
36047068600,+40.6148226,-073.9172817
36047032100,+40.6668692,-073.9521834
36081036100,+40.7612829,-073.8724157
36081036300,+40.7596838,-073.8694173
36081037100,+40.7641434,-073.8636241
36081037700,+40.7556614,-073.8687135
36081037900,+40.7554736,-073.8640843
36081041300,+40.7447361,-073.8613081
36081046000,+40.7082566,-073.7934900
36081047900,+40.7354855,-073.8837114
36081050600,+40.7057930,-073.7596688
36081051100,+40.7273279,-073.9001655
36081051700,+40.7246283,-073.9002940
36081052200,+40.7004447,-073.7573683
36081053000,+40.6963382,-073.7525403
36081053900,+40.7105131,-073.9165504
36081054500,+40.7055479,-073.9126214
36081060100,+40.7152135,-073.9024125
36081061200,+40.6882912,-073.7367254
36081063000,+40.6802878,-073.7435795
36081063700,+40.7083600,-073.8622857
36081064600,+40.6727740,-073.7423254
36081070700,+40.7150711,-073.8555663
36081070900,+40.7192652,-073.8550205
36081072900,+40.7128119,-073.8521815
36081077500,+40.7091018,-073.8323371
36081079200,+40.6689234,-073.7969557
36081079300,+40.7363897,-073.8314913
36081080301,+40.7447917,-073.8308720
36081022001,+40.7136237,-073.8206481
36081024300,+40.7366667,-073.9020404
36081027000,+40.6886843,-073.7913977
36081027800,+40.6860961,-073.7829164
36081028100,+40.7522203,-073.8825920
36081033401,+40.6791764,-073.7674364
36081034700,+40.7668848,-073.8786774
36081037600,+40.6878123,-073.7541190
36081039900,+40.7518089,-073.8535818
36081040400,+40.7051937,-073.7707937
36081043900,+40.7418688,-073.8558125
36081045600,+40.7166298,-073.7939898
36081045800,+40.7152626,-073.7909261
36081046700,+40.7454564,-073.8745856
36081047800,+40.7195817,-073.7661843
36081049500,+40.7253841,-073.8904103
36081051200,+40.7104101,-073.7501194
36081113900,+40.7642305,-073.7906266
36081114700,+40.7682675,-073.8019551
36081073100,+40.7109534,-073.8463317
36081048500,+40.7397517,-073.8843383
36081062300,+40.7043812,-073.8781847
36081062900,+40.7009309,-073.8829632
36081063900,+40.7038953,-073.8569266
36081064102,+40.7020705,-073.8534862
36081066900,+40.7235670,-073.8859216
36081068200,+40.6677937,-073.7504129
36081069500,+40.7260562,-073.8675083
36081070300,+40.7162794,-073.8593568
36081018200,+40.6761566,-073.7991566
36081018600,+40.6798776,-073.7989572
36081020800,+40.6983846,-073.8068861
36081023600,+40.7073435,-073.8049191
36081024900,+40.7431151,-073.9042554
36081025800,+40.6960420,-073.7872795
36081026400,+40.6922318,-073.7857904
36081026700,+40.7453276,-073.8880322
36081027200,+40.6835772,-073.7913201
36081027400,+40.6849050,-073.7889890
36081027700,+40.7526941,-073.8779449
36081033000,+40.6701348,-073.7637361
36081035100,+40.7590997,-073.8770465
36081035800,+40.6757910,-073.7509805
36081036600,+40.6856340,-073.7630903
36081037300,+40.7597100,-073.8599795
36081038100,+40.7561213,-073.8576786
36081039800,+40.6945622,-073.7648097
36081042700,+40.7437159,-073.8538128
36081044000,+40.7026771,-073.7846237
36081044602,+40.7081869,-073.7998476
36081045400,+40.7126504,-073.7960120
36081005000,+40.6777208,-073.8549627
36081009600,+40.6809137,-073.8322684
36081011100,+40.7787953,-073.9073131
36081011600,+40.6887757,-073.8388054
36081012100,+40.7727587,-073.9035141
36081013700,+40.7689714,-073.9049147
36081014900,+40.7618538,-073.9144442
36081015400,+40.6921955,-073.8205589
36081021200,+40.7009098,-073.8116145
36081022002,+40.7132006,-073.8144642
36081024500,+40.7393540,-073.9050486
36081118900,+40.7565055,-073.8126136
36081115900,+40.7686397,-073.8207551
36081116700,+40.7621734,-073.8124434
36081117100,+40.7632564,-073.8057125
36081119900,+40.7534621,-073.8095776
36081120700,+40.7507268,-073.8008894
36081122300,+40.7349769,-073.7994552
36081130100,+40.7335029,-073.7397763
36081133300,+40.7319191,-073.7792730
36081134700,+40.7379558,-073.7811198
36081086100,+40.7568129,-073.8178758
36081086400,+40.6733398,-073.8315832
36081092800,+40.5731798,-073.8518167
36081093900,+40.7985915,-073.8428394
36081094500,+40.7927540,-073.8288779
36081098700,+40.7953927,-073.8068620
36081099900,+40.7916054,-073.7767241
36081111300,+40.7679197,-073.7626797
36081114100,+40.7690969,-073.7966895
36081115500,+40.7678382,-073.8117913
36081115700,+40.7675730,-073.8151695
36081118500,+40.7594676,-073.8038067
36081118700,+40.7596321,-073.8128802
36081119500,+40.7548673,-073.7994710
36081122701,+40.7333239,-073.8070945
36081128300,+40.7339687,-073.7687946
36081138501,+40.7555383,-073.7573134
36081142900,+40.7510646,-073.7845234
36081143500,+40.7529118,-073.7702818
36081145101,+40.7551380,-073.7846965
36081146700,+40.7612034,-073.7732141
36081049600,+40.7169502,-073.7531219
36081050000,+40.7119449,-073.7636159
36081050800,+40.7069840,-073.7554219
36081015500,+40.7600351,-073.9175962
36081017200,+40.6823328,-073.8114011
36081033402,+40.6752752,-073.7718092
36081033900,+40.7590238,-073.8798383
36081036500,+40.7595246,-073.8656054
36081036800,+40.6853212,-073.7664846
36081040000,+40.6981476,-073.7648635
36081040200,+40.7000316,-073.7687630
36081059500,+40.7137750,-073.9083422
36081056400,+40.7215544,-073.7334063
36081059200,+40.7012350,-073.7297322
36081061000,+40.6901782,-073.7432503
36081061400,+40.6861196,-073.7295117
36081063200,+40.6765163,-073.7405087
36081063301,+40.7044837,-073.8745715
36081064101,+40.6991702,-073.8516668
36081148300,+40.7758594,-073.7519701
36081157903,+40.7337950,-073.7075635
36081162100,+40.7284264,-073.7297088
36081112300,+40.7662920,-073.7712453
36081116100,+40.7668601,-073.8256989
36081116300,+40.7638178,-073.8192084
36081125700,+40.7241330,-073.8079345
36081139900,+40.7498677,-073.7624754
36081140901,+40.7465405,-073.7749009
36081144100,+40.7556677,-073.7638129
36081144700,+40.7568672,-073.7724538
36081152901,+40.7523301,-073.7336543
36081157901,+40.7447240,-073.7045820
36081103201,+40.6089555,-073.7554305
36081109700,+40.7703466,-073.7773131
36081124100,+40.7267987,-073.8024148
36081134100,+40.7352944,-073.7911783
36081137700,+40.7471258,-073.7500459
36081150701,+40.7622010,-073.7397018
36081155102,+40.7511720,-073.7151103
36081010500,+40.7827906,-073.9129484
36081009500,+40.7744651,-073.9207974
36081029400,+40.6713239,-073.7810654
36081030600,+40.6648771,-073.7803645
36081030903,+40.7579485,-073.8900649
36081030904,+40.7635831,-073.8910547
36081035700,+40.7680154,-073.8712399
36081038301,+40.7616111,-073.8416189
36081038302,+40.7429690,-073.8423984
36081042400,+40.6953923,-073.7722684
36081044400,+40.7057626,-073.7818463
36081053100,+40.7230578,-073.9083341
36081041500,+40.7466051,-073.8565990
36081042600,+40.6888726,-073.7702025
36081043400,+40.6961991,-073.7786464
36081045000,+40.7141840,-073.8047700
36081045200,+40.7145881,-073.7995605
36081046200,+40.7098547,-073.7879749
36081046800,+40.7104936,-073.7822789
36081047000,+40.7112968,-073.7772983
36081047100,+40.7409850,-073.8765640
36081047200,+40.7176257,-073.7789434
36081047300,+40.7372204,-073.8762312
36081048200,+40.7148351,-073.7679226
36081048300,+40.7417172,-073.8926967
36081049302,+40.7278550,-073.8918030
36081050400,+40.7051196,-073.7643586
36081050500,+40.7290799,-073.8747522
36081054000,+40.7127947,-073.7432243
36081054200,+40.7190741,-073.7464902
36081054900,+40.7021910,-073.9078131
36081055500,+40.6972245,-073.9032791
36081058100,+40.7039692,-073.8937889
36081147900,+40.7696001,-073.7422559
36081156700,+40.7405076,-073.7297159
36081051800,+40.7018381,-073.7520094
36081052400,+40.7012277,-073.7619595
36081003000,+40.6916415,-073.8472679
36081000700,+40.7448437,-073.9514090
36081007900,+40.7691001,-073.9299452
36081005500,+40.7537948,-073.9277888
36081004002,+40.6815294,-073.8429597
36081024700,+40.7422779,-073.8994500
36081025700,+40.7501044,-073.9051748
36081026000,+40.6927524,-073.7933078
36081026100,+40.7472116,-073.9006009
36081027900,+40.7516729,-073.8802222
36081028000,+40.6883158,-073.7797191
36081028700,+40.7509654,-073.8894359
36081073900,+40.7236929,-073.8442715
36081074100,+40.7282813,-073.8470444
36081074300,+40.7322992,-073.8492461
36081074500,+40.7361049,-073.8508368
36081077904,+40.7209651,-073.8141647
36081080900,+40.7338814,-073.8223557
36081085300,+40.7571520,-073.8276531
36081140902,+40.7449088,-073.7821539
36081145900,+40.7542091,-073.7919465
36081057700,+40.7003929,-073.8907145
36081052500,+40.7189703,-073.9066375
36081055600,+40.7255507,-073.7450034
36081060600,+40.6917471,-073.7353308
36081063800,+40.6698297,-073.7330637
36081065400,+40.6628113,-073.7402932
36081066300,+40.7211190,-073.8773457
36081068700,+40.7303105,-073.8692955
36081069400,+40.6551441,-073.7493644
36081071305,+40.7241863,-073.8514774
36081071306,+40.7261621,-073.8560468
36081071701,+40.7313333,-073.8598810
36081071702,+40.7334770,-073.8628305
36081072300,+40.7162398,-073.8477440
36081074900,+40.7132499,-073.8400754
36081075701,+40.7182200,-073.8348167
36081075702,+40.7243375,-073.8401994
36081077906,+40.7293975,-073.8187620
36081077907,+40.7249623,-073.8184802
36081077908,+40.7256168,-073.8136929
36081079701,+40.7533454,-073.8247560
36081027600,+40.6875883,-073.7862396
36081028200,+40.6849947,-073.7738873
36081028300,+40.7511737,-073.8848654
36081028500,+40.7514661,-073.8871163
36081028900,+40.7512785,-073.8919022
36081113300,+40.7641494,-073.7831519
36081107201,+40.6037709,-073.8218663
36081074700,+40.7326161,-073.8452064
36081077300,+40.7109133,-073.8352803
36081078800,+40.6703310,-073.7903645
36081081400,+40.6707019,-073.8039344
36081088400,+40.6557283,-073.8337070
36081092200,+40.5732499,-073.8598028
36081096400,+40.5925505,-073.7918429
36081097202,+40.5863940,-073.7787117
36081097300,+40.7949673,-073.8235370
36081101700,+40.7797657,-073.7982495
36081000800,+40.6873473,-073.8582587
36081001400,+40.6950787,-073.8552500
36081001600,+40.6897177,-073.8548395
36081001900,+40.7485604,-073.9450314
36081002600,+40.6972603,-073.8430922
36081002800,+40.6923881,-073.8443722
36081011000,+40.6873142,-073.8350142
36081011200,+40.6841012,-073.8390726
36081012200,+40.6964970,-073.8310666
36081012400,+40.6952063,-073.8343035
36081013400,+40.7052797,-073.8349794
36081013800,+40.7065798,-073.8251631
36081014300,+40.7662996,-073.9115113
36081015900,+40.7557869,-073.9183425
36081048400,+40.7158173,-073.7599374
36081049301,+40.7323708,-073.8942499
36081049700,+40.7317510,-073.8903723
36081050201,+40.7088026,-073.7649037
36081051000,+40.7097117,-073.7537153
36081052000,+40.7011396,-073.7546876
36081055100,+40.7015951,-073.9039117
36081056200,+40.7246382,-073.7331947
36081056500,+40.6942629,-073.8968742
36081056700,+40.6968663,-073.8921828
36081056800,+40.7155702,-073.7335751
36081058500,+40.7043710,-073.8994203
36081058700,+40.7071439,-073.9002784
36081061800,+40.6768943,-073.7364182
36081062600,+40.6819741,-073.7481021
36081000400,+40.6896831,-073.8647717
36081002200,+40.6959777,-073.8505707
36081003100,+40.7531761,-073.9339044
36081085900,+40.7549868,-073.8207972
36081086500,+40.7626869,-073.8251718
36081094202,+40.5913939,-073.8105575
36081094203,+40.5808043,-073.8104280
36081098100,+40.7982603,-073.8158489
36081101002,+40.5986579,-073.7412531
36081103900,+40.7840478,-073.8190933
36081018300,+40.7453409,-073.9196687
36081018800,+40.6816256,-073.7998473
36081018900,+40.7400819,-073.9279990
36081019200,+40.6838157,-073.8006369
36081025900,+40.7485778,-073.9035261
36081026600,+40.6918812,-073.7816949
36081027300,+40.7521977,-073.8727731
36081029300,+40.7519327,-073.8994830
36081003600,+40.6837714,-073.8568176
36081004401,+40.6771469,-073.8593945
36081005300,+40.7603485,-073.9292728
36081005700,+40.7569544,-073.9256721
36081007300,+40.7669950,-073.9253702
36081008100,+40.7700756,-073.9335826
36081003800,+40.6847999,-073.8474941
36081029900,+40.7639881,-073.8993984
36081026300,+40.7456642,-073.8971220
36081027100,+40.7452120,-073.8794868
36081028800,+40.6786338,-073.7830418
36081032000,+40.6612148,-073.7652124
36081033100,+40.7749300,-073.8737580
36081003300,+40.7543845,-073.9380996
36081006201,+40.6667964,-073.8467863
36081006202,+40.6648771,-073.8544070
36081049900,+40.7311285,-073.8833525
36081043701,+40.7391541,-073.8510910
36081043702,+40.7381096,-073.8565445
36081044301,+40.7407369,-073.8594604
36081044302,+40.7398122,-073.8640628
36081053401,+40.6998291,-073.7441493
36081053601,+40.7067119,-073.7458711
36081058200,+40.7069890,-073.7375538
36081060701,+40.7172559,-073.8939758
36081061301,+40.7089649,-073.8931848
36081061302,+40.7093274,-073.8835278
36081062200,+40.6919497,-073.7288802
36081079702,+40.7513617,-073.8293898
36081084900,+40.7547072,-073.8329995
36081086900,+40.7652626,-073.8337100
36081093401,+40.5813729,-073.8465839
36081093402,+40.5756304,-073.8402862
36081095400,+40.5916392,-073.7993734
36081097203,+40.6036722,-073.7803703
36081097204,+40.5939070,-073.7811283
36081099705,+40.7950060,-073.7748800
36081099703,+40.7829752,-073.7747051
36081099704,+40.7817296,-073.7806843
36081099801,+40.5980835,-073.7575992
36081099802,+40.5879098,-073.7585360
36081100801,+40.6113410,-073.7661007
36081100802,+40.6027274,-073.7643804
36081108500,+40.7724453,-073.7890720
36081109300,+40.7756127,-073.7704101
36081127700,+40.7244088,-073.7834061
36081129103,+40.7367042,-073.7597119
36081129104,+40.7380951,-073.7500691
36081141700,+40.7448147,-073.7917203
36081990100,+40.5401372,-073.8906716
36081064500,+40.7091221,-073.8522500
36081066100,+40.7175103,-073.8817903
36081066400,+40.6471780,-073.7430504
36081069000,+40.6603465,-073.7554142
36081069702,+40.7222530,-073.8628711
36081065000,+40.6694592,-073.7448232
36081071100,+40.7220697,-073.8524948
36081076901,+40.7164575,-073.8375688
36081077905,+40.7173272,-073.8129626
36081080302,+40.7403637,-073.8262189
36081084500,+40.7499613,-073.8202280
36081046300,+40.7440007,-073.8710900
36081046500,+40.7469665,-073.8702981
36081073700,+40.7184405,-073.8432492
36081077902,+40.7252734,-073.8248724
36081018700,+40.7366578,-073.9246745
36081021400,+40.7060668,-073.8152035
36081058300,+40.7019380,-073.8976203
36081046600,+40.7140095,-073.7851000
36081050202,+40.7101892,-073.7592925
36081056000,+40.7254352,-073.7365635
36081000600,+40.6859083,-073.8637277
36081014201,+40.7009734,-073.8246417
36081051500,+40.7309757,-073.9014977
36081051600,+40.7027238,-073.7472616
36081052600,+40.6970946,-073.7597630
36081055400,+40.7277903,-073.7401593
36081053200,+40.7001025,-073.7490920
36081053800,+40.7064789,-073.7425304
36081054700,+40.7036294,-073.9097111
36081055700,+40.6986893,-073.8983148
36081055800,+40.7225337,-073.7417049
36081055900,+40.6944037,-073.9017315
36081056100,+40.6924618,-073.8852171
36081057900,+40.7034917,-073.8900443
36081058900,+40.7062404,-073.9050398
36081059600,+40.6971372,-073.7370565
36081060300,+40.7139219,-073.8990012
36081071900,+40.7346875,-073.8556228
36081076902,+40.7150342,-073.8340325
36081079000,+40.6724831,-073.7966161
36081081800,+40.6705172,-073.8090759
36081083800,+40.6702951,-073.8195098
36081084000,+40.6739493,-073.8176533
36081091800,+40.5685017,-073.8719915
36081092500,+40.7824818,-073.8447680
36081008700,+40.7744252,-073.9351452
36081009400,+40.6814153,-073.8364868
36081009900,+40.7785586,-073.9230863
36081010100,+40.7784032,-073.9162557
36081029500,+40.7559980,-073.9067306
36081058000,+40.7072457,-073.7307152
36081054800,+40.7231977,-073.7512827
36081084601,+40.6673404,-073.8217246
36081092900,+40.7894348,-073.8597684
36081093800,+40.5797628,-073.8293271
36081085500,+40.7596421,-073.8236352
36081017400,+40.6805787,-073.8105518
36081083700,+40.7447536,-073.8197846
36081085700,+40.7570602,-073.8230578
36081086300,+40.7612685,-073.8199413
36081087100,+40.7589475,-073.8332560
36081091601,+40.5585161,-073.9175334
36081094201,+40.5857865,-073.8213404
36081103300,+40.7791778,-073.8096597
36081010200,+40.6787779,-073.8229675
36081011300,+40.7762579,-073.9084659
36081011400,+40.6879308,-073.8418285
36081012602,+40.6931695,-073.8407053
36081012800,+40.6982524,-073.8401182
36081013000,+40.7003482,-073.8378392
36081014400,+40.6984968,-073.8284961
36081014800,+40.6945021,-073.8223729
36081017600,+40.6788250,-073.8097137
36081017900,+40.7446893,-073.9302773
36081018402,+40.6789478,-073.7943611
36081019600,+40.6894694,-073.7999085
36081022900,+40.7342754,-073.9113356
36081023000,+40.7126448,-073.8081463
36081102900,+40.7838708,-073.8073649
36081099701,+40.7809357,-073.7899124
36081003400,+40.6847731,-073.8581871
36081112900,+40.7654009,-073.7768169
36081055300,+40.6989501,-073.9065464
36081062700,+40.7037717,-073.8864539
36081067700,+40.7191106,-073.8724306
36081079900,+40.7469887,-073.8273758
36081099100,+40.7919649,-073.7988773
36081010000,+40.6811536,-073.8288851
36081060800,+40.6936037,-073.7413143
36081002400,+40.6971881,-073.8465756
36081005900,+40.7597006,-073.9239255
36081009100,+40.7758580,-073.9296772
36081014000,+40.7037257,-073.8290482
36081025500,+40.7504263,-073.9079200
36081035200,+40.6794830,-073.7575960
36081040300,+40.7506523,-073.8604325
36081048100,+40.7422192,-073.8850516
36081052100,+40.7208648,-073.9015157
36081059400,+40.6984691,-073.7311844
36081063302,+40.7053937,-073.8714054
36081069300,+40.7288894,-073.8632273
36081107202,+40.6252538,-073.8137646
36081115100,+40.7690541,-073.8079843
36081120100,+40.7532121,-073.8140593
36081120300,+40.7487999,-073.8125809
36081121100,+40.7456558,-073.8083171
36081121500,+40.7403642,-073.8059322
36081124700,+40.7280893,-073.7962451
36081136700,+40.7442043,-073.7603110
36081138502,+40.7521109,-073.7449302
36081147100,+40.7614709,-073.7634353
36081152902,+40.7593367,-073.7239893
36081161700,+40.7288095,-073.7175899
36081006501,+40.7680443,-073.9176748
36081006502,+40.7667951,-073.9151194
36081008500,+40.7600215,-073.9407223
36081012500,+40.7709267,-073.9156695
36081015801,+40.6888829,-073.8123322
36081015802,+40.6875454,-073.8196360
36081018101,+40.7445099,-073.9241233
36081018102,+40.7442918,-073.9222696
36081018501,+40.7387097,-073.9224312
36081018502,+40.7405546,-073.9220647
36081062400,+40.6857824,-073.7419913
36081000200,+40.6932923,-073.8661578
36081001800,+40.6902800,-073.8520154
36081065900,+40.7155449,-073.8824808
36081067900,+40.7241179,-073.8701838
36081069701,+40.7268771,-073.8602046
36081009800,+40.6854000,-073.8312082
36081104700,+40.7748158,-073.8203709
36081004001,+40.6832481,-073.8458743
36081005400,+40.6787493,-073.8487747
36081005800,+40.6735448,-073.8486894
36081006300,+40.7644845,-073.9200240
36081008800,+40.6707968,-073.8387752
36081009700,+40.7764819,-073.9186027
36081010600,+40.6856830,-073.8249640
36081023500,+40.7393490,-073.9175942
36081028400,+40.6825033,-073.7778568
36081029100,+40.7513358,-073.8951993
36081038400,+40.6933415,-073.7476395
36081040100,+40.7514683,-073.8570959
36081041100,+40.7437912,-073.8654188
36081041400,+40.6996318,-073.7807705
36081043200,+40.6913107,-073.7758835
36081044601,+40.7049531,-073.7977906
36081045700,+40.7377217,-073.8698383
36081045900,+40.7398775,-073.8706805
36081119100,+40.7566650,-073.8065111
36081119300,+40.7571846,-073.7996267
36081129102,+40.7316384,-073.7543823
36081140300,+40.7481688,-073.7696023
36081026500,+40.7450972,-073.8933942
36081027500,+40.7521537,-073.8755691
36081004200,+40.6818145,-073.8579641
36081004500,+40.7645328,-073.9337656
36081004700,+40.7602879,-073.9331578
36081006100,+40.7620307,-073.9220410
36081007700,+40.7667329,-073.9317327
36081010300,+40.7810600,-073.9150773
36081011900,+40.7712054,-073.9060641
36081013500,+40.7706488,-073.8989770
36081013600,+40.7065970,-073.8286538
36081014100,+40.7669906,-073.9066900
36081014500,+40.7642809,-073.9075079
36081016100,+40.7550819,-073.9145862
36081016300,+40.7563081,-073.9098820
36081018000,+40.6757857,-073.8054115
36081020600,+40.6943396,-073.8092386
36081023200,+40.7095892,-073.8112809
36081012601,+40.6936535,-073.8374117
36081013200,+40.7012940,-073.8343887
36081019800,+40.6918446,-073.8028034
36081021600,+40.7094582,-073.8236421
36081021900,+40.7231493,-073.9189891
36081023800,+40.7052221,-073.8090375
36081032900,+40.7644351,-073.8827319
36081035300,+40.7596120,-073.8741249
36081037500,+40.7513476,-073.8700005
36081044800,+40.7110219,-073.8026344
36081045500,+40.7363109,-073.8623266
36081047500,+40.7336372,-073.8756505
36081048900,+40.7373155,-073.8921827
36081050700,+40.7270209,-073.8815871
36081052800,+40.6940352,-073.7587303
36081053500,+40.7159321,-073.9189517
36081090700,+40.7735390,-073.8387968
36081091602,+40.5603525,-073.8870179
36081091900,+40.7764062,-073.8484646
36081094700,+40.7855766,-073.8413716
36081099200,+40.5938729,-073.7677462
36081101001,+40.5968328,-073.7501362
36081103202,+40.6066523,-073.7475330
36081117500,+40.7614714,-073.7964295
36081016400,+40.6850800,-073.8165573
36081011500,+40.7744206,-073.9133464
36081015100,+40.7601670,-073.9108443
36081015200,+40.6937454,-073.8137824
36081017800,+40.6770911,-073.8087606
36081020200,+40.6897570,-073.8078112
36081020400,+40.6951701,-073.8034154
36081065702,+40.7133356,-073.8829609
36081068000,+40.6637096,-073.7500759
36081072100,+40.7311859,-073.8537376
36081077903,+40.7192243,-073.8216022
36081084602,+40.6651262,-073.8165809
36081016600,+40.6812765,-073.8207045
36081015000,+40.6934064,-073.8211550
36081015300,+40.7580816,-073.9136474
36081015700,+40.7550147,-073.9219258
36081017000,+40.6843144,-073.8120017
36081006900,+40.7715037,-073.9221645
36081062100,+40.7100147,-073.8726646
36081059100,+40.7081118,-073.9097807
36081089200,+40.6522124,-073.8473336
36081157902,+40.7415838,-073.7119991
36081005200,+40.6807593,-073.8546644
36081012000,+40.6915009,-073.8286536
36081015600,+40.6903444,-073.8206072
36081122702,+40.7331478,-073.8127448
36081008300,+40.7726203,-073.9286959
36081088901,+40.7725905,-073.8282176
36081145102,+40.7532383,-073.7781467
36081008600,+40.6770880,-073.8411368
36081014202,+40.6986663,-073.8203471
36081019000,+40.6853862,-073.7952220
36081025100,+40.7448223,-073.9096562
36081036700,+40.7632227,-073.8679395
36081040900,+40.7496629,-073.8675921
36081047600,+40.7224800,-073.7712454
36081055200,+40.7277874,-073.7496567
36081056600,+40.7197386,-073.7384034
36081059000,+40.7012577,-073.7369979
36081007100,+40.7690847,-073.9230485
36081011700,+40.7722297,-073.9104558
36081014700,+40.7629976,-073.9107521
36081029700,+40.7586830,-073.9030015
36081030902,+40.7580597,-073.8961589
36081031700,+40.7709218,-073.8930421
36081032700,+40.7584364,-073.8854176
36081032800,+40.6718373,-073.7556979
36081033700,+40.7587307,-073.8826281
36081039400,+40.6896398,-073.7587786
36081040500,+40.7482730,-073.8615900
36081040700,+40.7503823,-073.8656140
36081046900,+40.7451965,-073.8771845
36081048000,+40.7128891,-073.7730046
36081059900,+40.7172449,-073.9021320
36081061900,+40.7097907,-073.8770975
36081105900,+40.7737697,-073.8070648
36081109900,+40.7679453,-073.7864943
36081010400,+40.6829682,-073.8265465
36081010800,+40.6886096,-073.8305968
36081011800,+40.6906515,-073.8338966
36081001200,+40.6942784,-073.8608412
36081002000,+40.6913525,-073.8495160
36081002500,+40.7549606,-073.9451645
36081003700,+40.7624148,-073.9434494
36081061602,+40.6775523,-073.7292421
36081118100,+40.7594996,-073.7873594
36081120500,+40.7512742,-073.8171091
36081126500,+40.7204943,-073.8037061
36081126700,+40.7202932,-073.7978290
36081133900,+40.7286400,-073.7900377
36081146300,+40.7594665,-073.7811007
36081000100,+40.7410475,-073.9434565
36081001000,+40.6907493,-073.8592987
36081003200,+40.6873154,-073.8467670
36081157101,+40.7385002,-073.7195555
36081150702,+40.7664167,-073.7307217
36081155101,+40.7566433,-073.7142398
36081157102,+40.7349892,-073.7250512
36081046100,+40.7417148,-073.8712656
36081046400,+40.7168637,-073.7869958
36081049200,+40.7229805,-073.7584947
36081051300,+40.7318897,-073.8975137
36081065501,+40.7147523,-073.8666471
36081065703,+40.7151186,-073.8752977
36081066501,+40.7193457,-073.8873568
36081066701,+40.7218220,-073.8913365
36081067100,+40.7244752,-073.8781025
36081071303,+40.7258100,-073.8495395
36081071304,+40.7288609,-073.8540811
36081003900,+40.7627994,-073.9409316
36081004300,+40.7609451,-073.9375143
36081005100,+40.7556398,-073.9321381
36081007500,+40.7645436,-073.9273299
36081026200,+40.6910079,-073.7920924
36081019400,+40.6859200,-073.8034759
36081019900,+40.7331325,-073.9304349
36081020500,+40.7303893,-073.9218036
36081010701,+40.7852880,-073.9056759
36081012301,+40.7757875,-073.8990845
36081025301,+40.7445685,-073.9165163
36081025302,+40.7441688,-073.9131355
36081025400,+40.6966713,-073.7944323
36081026901,+40.7468744,-073.8822114
36081026902,+40.7446146,-073.8829538
36081016800,+40.6793675,-073.8172334
36081016900,+40.7482726,-073.9143592
36081017100,+40.7497497,-073.9255501
36081018401,+40.6751913,-073.7922208
36081059300,+40.7102080,-073.9026508
36081059800,+40.6982947,-073.7406666
36081060000,+40.6950630,-073.7333032
36081061601,+40.6818554,-073.7318753
36081062000,+40.6810561,-073.7378195
36081062500,+40.7041320,-073.8824139
36081063500,+40.7047392,-073.8669609
36081065600,+40.6598103,-073.7295645
36081066000,+40.6585743,-073.7333631
36081068300,+40.7349758,-073.8690861
36081071600,+40.6470241,-073.7869533
36081024000,+40.7032775,-073.8050793
36081024600,+40.7012022,-073.7964993
36061025500,+40.8464959,-073.9502862
36061022200,+40.8083402,-073.9487876
36061001001,+40.7114400,-073.9721475
36061000700,+40.7011730,-074.0020025
36061010300,+40.7521351,-073.9972172
36061003700,+40.7269119,-074.0167229
36061008601,+40.7435573,-073.9656822
36061008603,+40.7525143,-073.9617418
36061004400,+40.7278421,-073.9715756
36061008602,+40.7479483,-073.9627784
36061017200,+40.7938270,-073.9451333
36061021303,+40.8145587,-073.9531391
36061021500,+40.8135272,-073.9494713
36061021703,+40.8179349,-073.9497563
36061022700,+40.8229662,-073.9464621
36061023100,+40.8258302,-073.9440935
36061023801,+40.7551476,-073.9530043
36061023802,+40.7686335,-073.9404954
36061024200,+40.8058563,-073.9335113
36061025700,+40.8084355,-073.9540741
36061025900,+40.8232145,-073.9423562
36061006600,+40.7400705,-073.9792317
36061006800,+40.7404366,-073.9840803
36061008200,+40.7506132,-073.9808741
36061008400,+40.7519695,-073.9840942
36061001600,+40.7159568,-073.9932660
36061002100,+40.7143288,-074.0100498
36061002800,+40.7268631,-073.9768122
36061001300,+40.7091260,-074.0129925
36061001402,+40.7175134,-073.9858814
36061002201,+40.7191156,-073.9818443
36061003001,+40.7210057,-073.9868387
36061003100,+40.7153110,-074.0038151
36061003400,+40.7290092,-073.9814618
36061029900,+40.8665217,-073.9152652
36061031703,+40.7161440,-074.0202950
36061019800,+40.8043025,-073.9423627
36061001200,+40.7159065,-073.9820936
36061001401,+40.7151603,-073.9873313
36061001501,+40.7075653,-074.0013991
36061004300,+40.7233237,-073.9954663
36061004900,+40.7250607,-074.0004802
36061003300,+40.7188624,-074.0061463
36061003602,+40.7245631,-073.9902060
36061004800,+40.7338561,-073.9837298
36061011800,+40.7652748,-073.9608554
36061015900,+40.7806226,-073.9874341
36061024500,+40.8366264,-073.9420980
36061002000,+40.7183569,-073.9702209
36061003900,+40.7204979,-074.0122661
36061000100,+40.6900008,-074.0461708
36061004100,+40.7191639,-073.9966958
36061022600,+40.8134305,-073.9448116
36061026500,+40.8496217,-073.9401308
36061003800,+40.7273669,-073.9884656
36061005800,+40.7431498,-073.9905172
36061008800,+40.7494997,-073.9723847
36061012000,+40.7669264,-073.9647673
36061015500,+40.7798937,-073.9935495
36061016600,+40.7893731,-073.9483928
36061016700,+40.7861484,-073.9838791
36061018100,+40.7925560,-073.9677459
36061020901,+40.8115578,-073.9550032
36061022302,+40.8224346,-073.9623302
36061025300,+40.8428949,-073.9383791
36061004200,+40.7317996,-073.9893670
36061005700,+40.7294159,-073.9923910
36061008700,+40.7422439,-073.9969962
36061027100,+40.8519438,-073.9342940
36061030300,+40.8692197,-073.9186530
36061030700,+40.8712704,-073.9166749
36061001002,+40.7154810,-073.9714373
36061001800,+40.7190464,-073.9908408
36061021100,+40.8159057,-073.9631154
36061021600,+40.8006768,-073.9543880
36061021900,+40.8185701,-073.9603228
36061023700,+40.8343381,-073.9551977
36061025100,+40.8403260,-073.9399227
36061026700,+40.8503283,-073.9286454
36061005200,+40.7374356,-073.9904555
36061005501,+40.7276733,-073.9970830
36061006000,+40.7311706,-073.9677779
36061006100,+40.7337079,-073.9923266
36061007200,+40.7448656,-073.9808585
36061007400,+40.7462136,-073.9840829
36061000201,+40.7098961,-073.9855833
36061027700,+40.8554404,-073.9273892
36061031900,+40.7022835,-074.0203960
36061011100,+40.7546475,-073.9953878
36061011402,+40.7634831,-073.9672789
36061014000,+40.7759141,-073.9582100
36061015100,+40.7753625,-073.9921014
36061015602,+40.7851820,-073.9463253
36061016800,+40.7910751,-073.9513565
36061017300,+40.7877705,-073.9712361
36061017500,+40.7915227,-073.9798883
36061000500,+40.6903066,-074.0178910
36061003002,+40.7229641,-073.9858662
36061006300,+40.7344214,-073.9968603
36061017800,+40.7935107,-073.9326073
36061018800,+40.7975948,-073.9372599
36061022000,+40.8057836,-073.9506570
36061022301,+40.8221683,-073.9578271
36061023300,+40.8311599,-073.9569644
36061023400,+40.8237307,-073.9386704
36061024700,+40.8406031,-073.9526748
36061024900,+40.8391286,-073.9364494
36061026100,+40.8457845,-073.9344552
36061026300,+40.8468226,-073.9374753
36061027500,+40.8563580,-073.9451999
36061028500,+40.8615008,-073.9280489
36061005900,+40.7312894,-073.9945614
36061006700,+40.7304513,-074.0041205
36061010900,+40.7522505,-073.9897028
36061007500,+40.7343782,-074.0151997
36061008300,+40.7421983,-074.0044530
36061009700,+40.7496396,-073.9990340
36061010601,+40.7562006,-073.9584989
36061011300,+40.7547752,-073.9878702
36061012100,+40.7597092,-073.9917004
36061012200,+40.7682812,-073.9679849
36061012600,+40.7684665,-073.9585261
36061012900,+40.7660980,-073.9994613
36061013700,+40.7652144,-073.9802379
36061013800,+40.7749214,-073.9538153
36061015200,+40.7776648,-073.9398735
36061010100,+40.7497314,-073.9915412
36061012700,+40.7622370,-073.9898561
36061013100,+40.7623458,-073.9823535
36061013300,+40.7647381,-073.9880352
36061014200,+40.7772742,-073.9614257
36061014900,+40.7723543,-073.9824832
36061015001,+40.7801987,-073.9592834
36061015002,+40.7824499,-073.9576478
36061015400,+40.7813493,-073.9491246
36061016300,+40.7849584,-073.9898263
36061019200,+40.7987751,-073.9294062
36061019500,+40.8040030,-073.9705048
36061019900,+40.8065430,-073.9687765
36061020500,+40.8123923,-073.9701397
36061023000,+40.8184725,-073.9413895
36061020300,+40.8086690,-073.9615617
36061013900,+40.7672922,-073.9861712
36061014500,+40.7698209,-073.9842729
36061014700,+40.7713286,-073.9888036
36061006400,+40.7369488,-073.9814570
36061006500,+40.7299685,-073.9995774
36061029700,+40.8717465,-073.9247883
36061019702,+40.8021890,-073.9579879
36061006900,+40.7294288,-074.0125049
36061007000,+40.7431849,-073.9769614
36061007300,+40.7341146,-074.0041065
36061007600,+40.7475672,-073.9872980
36061008100,+40.7398052,-073.9987715
36061009100,+40.7447178,-073.9951959
36061009300,+40.7471119,-074.0008753
36061017700,+40.7903083,-073.9693891
36061015601,+40.7835685,-073.9475024
36061016001,+40.7856349,-073.9553223
36061016200,+40.7880380,-073.9405522
36061018600,+40.7991060,-073.9497088
36061020000,+40.8057859,-073.9452336
36061020102,+40.8050511,-073.9566329
36061021400,+40.8177873,-073.9362053
36061022102,+40.8186544,-073.9461862
36061022800,+40.8159297,-073.9432453
36061022900,+40.8270084,-073.9554483
36061023502,+40.8278881,-073.9389277
36061024000,+40.7910329,-073.9200395
36061023501,+40.8289967,-073.9418352
36061023600,+40.8249736,-073.9354598
36061016900,+40.7851959,-073.9731196
36061017100,+40.7890396,-073.9823769
36061017900,+40.7944258,-073.9789459
36061018200,+40.7983211,-073.9418511
36061018300,+40.7967863,-073.9769266
36061011201,+40.7639781,-073.9753455
36061011600,+40.7625331,-073.9557917
36061003601,+40.7223222,-073.9911397
36061004500,+40.7205701,-073.9993912
36061005502,+40.7262229,-073.9938720
36061005600,+40.7417922,-073.9872974
36061006200,+40.7364871,-073.9674406
36061007700,+40.7380850,-074.0032967
36061008000,+40.7492588,-073.9776520
36061009000,+40.7526586,-073.9700939
36061009200,+40.7536476,-073.9747422
36061010400,+40.7607791,-073.9776729
36061011900,+40.7573151,-073.9860247
36061013200,+40.7693334,-073.9500351
36061013400,+40.7717015,-073.9561658
36061013600,+40.7724134,-073.9477944
36061014402,+40.7762431,-073.9453169
36061014801,+40.7788416,-073.9560743
36061026900,+40.8505568,-073.9309745
36061028100,+40.8570577,-073.9345343
36061008900,+40.7446380,-074.0026785
36061009900,+40.7495435,-074.0091035
36061000600,+40.7102579,-073.9880558
36061000800,+40.7101181,-073.9932525
36061002400,+40.7221617,-073.9682500
36061002500,+40.7089899,-073.9962356
36061002900,+40.7141595,-074.0005401
36061005400,+40.7388112,-073.9936780
36061007100,+40.7354477,-073.9999139
36061007900,+40.7397795,-074.0144915
36061009400,+40.7552279,-073.9777463
36061010800,+40.7589684,-073.9654530
36061011000,+40.7621475,-073.9631393
36061012400,+40.7660559,-073.9529175
36061011500,+40.7571679,-073.9935486
36061011700,+40.7612977,-074.0022072
36061013000,+40.7727364,-073.9647332
36061013500,+40.7717053,-073.9993716
36061014401,+40.7752485,-073.9475522
36061014602,+40.7788147,-073.9509750
36061014802,+40.7810927,-073.9544321
36061015802,+40.7865243,-073.9504650
36061016002,+40.7878788,-073.9536853
36061009600,+40.7563748,-073.9808861
36061010000,+40.7580653,-073.9712318
36061010200,+40.7594238,-073.9744493
36061010602,+40.7600894,-073.9582412
36061011401,+40.7648402,-073.9704939
36061012800,+40.7713809,-073.9615172
36061015300,+40.7748578,-073.9806656
36061017000,+40.7909025,-073.9421468
36061031704,+40.7084035,-074.0218869
36061012500,+40.7598407,-073.9841752
36061020101,+40.8064355,-073.9602048
36061007800,+40.7463235,-073.9746729
36061011202,+40.7626040,-073.9721311
36061014300,+40.7813172,-073.9668472
36061017401,+40.7948875,-073.9485760
36061020701,+40.8089775,-073.9584600
36061003200,+40.7255579,-073.9837166
36061014601,+40.7771916,-073.9521608
36061016500,+40.7823577,-073.9749988
36061027900,+40.8558577,-073.9316271
36061011203,+40.7612444,-073.9689142
36061018400,+40.7996841,-073.9450687
36061000202,+40.7085736,-073.9789944
36061001502,+40.7055773,-074.0026158
36061002202,+40.7212597,-073.9811412
36061002700,+40.7125508,-073.9990121
36061004700,+40.7224190,-074.0028628
36061005000,+40.7361115,-073.9872138
36061009500,+40.7472363,-073.9933578
36061009800,+40.7557880,-073.9677745
36061020800,+40.8096485,-073.9420080
36061017402,+40.7968026,-073.9471624
36061018700,+40.7998766,-073.9747148
36061018900,+40.7973281,-073.9642508
36061021000,+40.8134960,-073.9351482
36061022500,+40.8250966,-073.9571997
36061024301,+40.8359721,-073.9387601
36061024302,+40.8313739,-073.9362630
36061027300,+40.8539792,-073.9373845
36061028700,+40.8666798,-073.9385861
36061030900,+40.8758478,-073.9103730
36061031100,+40.8467498,-073.9296801
36061004000,+40.7307447,-073.9860235
36061002601,+40.7225850,-073.9799302
36061002602,+40.7243901,-073.9786160
36061015700,+40.7774174,-073.9787895
36061015801,+40.7842784,-073.9521037
36061016100,+40.7799490,-073.9771935
36061016400,+40.7877141,-073.9444745
36061019600,+40.8028054,-073.9385762
36061018000,+40.7944017,-073.9395950
36061018500,+40.7944999,-073.9663637
36061019000,+40.8019616,-073.9476194
36061019300,+40.8005051,-073.9619564
36061019400,+40.8004651,-073.9351859
36061021200,+40.8137610,-073.9390011
36061022400,+40.8111222,-073.9469598
36061023200,+40.8210133,-073.9395314
36061023900,+40.8323375,-073.9410642
36061024100,+40.8370145,-073.9539618
36061029300,+40.8659258,-073.9201200
36061019100,+40.8015611,-073.9722959
36061019701,+40.8053110,-073.9593993
36061020600,+40.8082917,-073.9387853
36061021800,+40.8032221,-073.9525241
36061028300,+40.8589101,-073.9287249
36061029100,+40.8643110,-073.9239339
36061029500,+40.8675232,-073.9249404
36061000900,+40.6987242,-074.0059997
